Category,Text
Introduction,"Introduction
This is the introduction section of the document. It provides an overview and background information
about the topic."
Methods,"Methods
The methodology used in this study includes various techniques and approaches to gather and
analyze data."
Results,"Results
The results of the experiment are as follows. We observed significant changes in the sample group."
Results,"Discussion
In this section, we discuss the implications of the results and analyze the data in detail."
Conclusion,"Conclusion
To conclude, the study shows that the proposed method is effective in achieving the desired
outcomes."
